demo.mp4,0,0.5618251576143153,0.016304798424243927,0.7270564808565028,0.49266165494918823,action,0
demo.mp4,0,0.23443210826200597,0.026394080370664597,0.3678641150979435,0.4953288733959198,action,1
demo.mp4,0,0.00223636714851155,0.026877136901021004,0.5596694048713236,0.9868807196617126,action,2
demo.mp4,0,0.36265366498161766,0.1275431364774704,0.4532187069163603,0.446405827999115,action,3
demo.mp4,1,0.5486867119284237,0.009332085028290749,0.7047386169433594,0.4960308372974396,action,0
demo.mp4,1,0.22648340113022747,0.014045314863324165,0.3560964247759651,0.48944291472435,action,1
demo.mp4,1,0.4120826272403493,0.10014627128839493,0.567901745964499,0.4446181356906891,action,2
demo.mp4,1,0.125762097975787,0.0,0.2590179218965418,0.5064445734024048,action,3
demo.mp4,1,0.004671371333739337,0.05359405651688576,0.5590753891888787,0.9897046089172363,action,4
demo.mp4,2,0.5486809225643382,0.009380817413330078,0.7050373750574449,0.49607139825820923,action,0
demo.mp4,2,0.22645685532513787,0.01408946979790926,0.35612591014188877,0.4894743263721466,action,1
demo.mp4,2,0.4120859931497013,0.10014776140451431,0.5679001303280101,0.4446057081222534,action,2
demo.mp4,2,0.004593713844523711,0.056000519543886185,0.5602735182818245,0.9892916083335876,action,3
demo.mp4,2,0.11859593110926012,0.0,0.25998889698701744,0.507488489151001,action,4
demo.mp4,3,0.5456972907571231,0.010906543582677841,0.7035031038172105,0.4770554304122925,action,0
demo.mp4,3,0.21535853217629825,0.017793389037251472,0.34698506523581113,0.485441118478775,action,1
demo.mp4,3,0.4042687359978171,0.09421875327825546,0.5639393525965074,0.438955157995224,action,2
demo.mp4,3,0.0023102064343059766,0.04767734557390213,0.5357981962316176,0.988513171672821,action,3
demo.mp4,3,0.11011328977697035,0.002245578682050109,0.24627589057473576,0.49682602286338806,action,4
demo.mp4,3,0.5374019847196692,0.0,0.987110990636489,0.9707169532775879,action,5
demo.mp4,3,0.33592580907485065,0.11238837987184525,0.43755802827722884,0.44655150175094604,action,6
demo.mp4,4,0.5380117528578814,0.005470619071274996,0.6924487394445082,0.46722590923309326,action,0
demo.mp4,4,0.21150452108944165,0.02074451372027397,0.3400243422564338,0.46523818373680115,action,1
demo.mp4,4,0.11123202828799977,0.00027276991750113666,0.24113314011517692,0.484397292137146,action,2
demo.mp4,4,0.010620662745307473,0.023996924981474876,0.555722853716682,0.9927381873130798,action,3
demo.mp4,5,0.5249154483570772,0.007944450713694096,0.6781676348517923,0.458060085773468,action,0
demo.mp4,5,0.1993636411779067,0.012949790805578232,0.33264139960793887,0.4564366638660431,action,1
demo.mp4,5,0.005375744665370268,0.029111480340361595,0.523655117259306,0.9891538023948669,action,2
demo.mp4,5,0.0981467976289637,0.0,0.23714388679055606,0.48280754685401917,action,3
demo.mp4,5,0.40984366921817555,0.07508774101734161,0.5439294254078585,0.4088875651359558,action,4
demo.mp4,6,0.5231398638556986,0.007484646048396826,0.674278034883387,0.44217726588249207,action,0
demo.mp4,6,0.1966218387379366,0.006377982906997204,0.32600378148696,0.44665923714637756,action,1
demo.mp4,6,0.005827106097165276,0.030052948743104935,0.5191187690286075,0.9877875447273254,action,2
demo.mp4,6,0.38594589233398435,0.06370149552822113,0.5344152113970588,0.3953758180141449,action,3
demo.mp4,7,0.5230935489430147,0.007854213938117027,0.6731043198529412,0.4358193874359131,action,0
demo.mp4,7,0.0003755413434084724,0.018166160210967064,0.5081603555118337,0.9933868646621704,action,1
demo.mp4,7,0.19628484389361214,0.004547557793557644,0.324594924029182,0.444428414106369,action,2
demo.mp4,7,0.3850059509277344,0.05942874774336815,0.5367193334242877,0.3887072801589966,action,3
demo.mp4,7,0.30001292509191174,0.07045606523752213,0.41925757913028494,0.4118328094482422,action,4
demo.mp4,8,0.5296335556927849,0.000263805384747684,0.6873019050149357,0.4464697241783142,action,0
demo.mp4,8,0.0013124568497433382,0.011697616428136826,0.5140142552992877,0.9926254749298096,action,1
demo.mp4,8,0.2009912603041705,0.0021486091427505016,0.32746972476734837,0.43734610080718994,action,2
demo.mp4,8,0.3953397414263557,0.05470407381653786,0.5448483635397519,0.3841297924518585,action,3
demo.mp4,8,0.32233229244456574,0.07160179316997528,0.4262952019186581,0.4051542580127716,action,4
demo.mp4,9,0.5296336454503676,0.00026336670271120965,0.6873019498937271,0.4464705288410187,action,0
demo.mp4,9,0.0011761755627744338,0.011392669752240181,0.5140941395479091,0.9929209351539612,action,1
demo.mp4,9,0.20099808188045726,0.00217639934271574,0.32744690390194164,0.43733513355255127,action,2
demo.mp4,9,0.3953355228199678,0.054701995104551315,0.5448482289033778,0.3841278553009033,action,3
demo.mp4,9,0.32235551721909467,0.0716102197766304,0.42629533655503216,0.4051753580570221,action,4
demo.mp4,10,0.5353794771082261,0.0016088103875517845,0.6889925339642693,0.4328972101211548,action,0
demo.mp4,10,0.207502342672909,0.0047115134075284,0.3283589531393612,0.4400295317173004,action,1
demo.mp4,10,0.0074190153795130115,0.013293799944221973,0.5296418582691865,0.9908248782157898,action,2
demo.mp4,10,0.3991716272690717,0.053636856377124786,0.5526776930865119,0.39313551783561707,action,3
demo.mp4,10,0.31095251195571,0.06418182700872421,0.4298330419203814,0.41406893730163574,action,4
demo.mp4,10,0.6262338077320772,0.008635025471448898,0.991021728515625,0.9803025722503662,action,5
demo.mp4,11,0.5420485552619485,0.00019273758516646922,0.6958747414981618,0.42484763264656067,action,0
demo.mp4,11,0.21406481125775506,0.004599666688591242,0.335698408239028,0.43758827447891235,action,1
demo.mp4,11,0.01002888609381283,0.0,0.5432794907513787,0.9914119243621826,action,2
demo.mp4,11,0.4034225015079274,0.055011577904224396,0.5575536840102252,0.3835482895374298,action,3
demo.mp4,11,0.3174604079302619,0.06558927893638611,0.4389111687155331,0.4075292944908142,action,4
demo.mp4,12,0.5475706212660846,0.0005516624660231173,0.701392095229205,0.4276376962661743,action,0
demo.mp4,12,0.22226816065171184,0.0020448302384465933,0.35191670586081114,0.4242030680179596,action,1
demo.mp4,12,0.41053484748391544,0.04634948819875717,0.5634631437413833,0.3735653758049011,action,2
demo.mp4,12,0.011034702553468593,0.007219047751277685,0.5642440347110524,0.9928651452064514,action,3
demo.mp4,12,0.32865109163172107,0.058997612446546555,0.4342869926901425,0.3879856467247009,action,4
demo.mp4,13,0.5515248018152573,0.0016933822771534324,0.7018978792078355,0.41945120692253113,action,0
demo.mp4,13,0.2292636422549977,0.0027709961868822575,0.3502107508042279,0.4175060987472534,action,1
demo.mp4,13,0.41361833460190717,0.047335948795080185,0.5637041877297794,0.3704066574573517,action,2
demo.mp4,13,0.020282734141630284,0.0036569214425981045,0.5729248944450828,0.9919812679290771,action,3
demo.mp4,13,0.1490563897525563,0.0021742440294474363,0.25706026413861444,0.4543841481208801,action,4
demo.mp4,13,0.32705078125,0.059723149985075,0.4480400983025046,0.38828644156455994,action,5
demo.mp4,13,0.5087133968577665,0.0,0.9872912238625919,0.9606742858886719,action,6
demo.mp4,14,0.5519833733053768,0.0006648063426837325,0.702955717198989,0.4209728240966797,action,0
demo.mp4,14,0.23016633426441865,0.0026038552168756723,0.3514349095961627,0.417898952960968,action,1
demo.mp4,14,0.41295296164119943,0.047451552003622055,0.5635997996610753,0.3694418668746948,action,2
demo.mp4,14,0.011125336675082935,0.0,0.5690442702349494,0.9924493432044983,action,3
demo.mp4,14,0.3267758537741268,0.05581682175397873,0.45075432272518384,0.38775634765625,action,4
demo.mp4,14,0.15015960020177505,0.0010050773853436112,0.2564511916216682,0.44205421209335327,action,5
demo.mp4,14,0.5155698439654182,0.0,0.9894771800321691,0.9700111150741577,action,6
demo.mp4,15,0.5520782470703125,0.0009724617120809853,0.7035573173971738,0.4209668040275574,action,0
demo.mp4,15,0.23018011205336628,0.002570838900282979,0.3514433692483341,0.41784095764160156,action,1
demo.mp4,15,0.4129638671875,0.047459278255701065,0.5635922151453355,0.3694431185722351,action,2
demo.mp4,15,0.011206009107477525,0.0,0.5689195520737592,0.9925705790519714,action,3
demo.mp4,15,0.3267717249253217,0.055802058428525925,0.4507621316348805,0.38772475719451904,action,4
demo.mp4,15,0.5120367162367877,0.0,0.9896698895622702,0.9748939275741577,action,5
demo.mp4,15,0.15015129762537338,0.001004772144369781,0.2564603020163143,0.4417019784450531,action,6
demo.mp4,16,0.5543819651884191,0.0032573891803622246,0.706289358700023,0.4222338795661926,action,0
demo.mp4,16,0.23003266278435203,0.0025436400901526213,0.3471123863669003,0.4151628613471985,action,1
demo.mp4,16,0.011126571543076459,0.0,0.5645804910098805,0.9926161766052246,action,2
demo.mp4,16,0.4151085348690257,0.04172153398394585,0.5658453997443704,0.3617251217365265,action,3
demo.mp4,16,0.32778520023121555,0.0541493222117424,0.4479949053596048,0.38718998432159424,action,4
demo.mp4,17,0.5551359737620635,0.004084663465619087,0.7099661883185892,0.4184147119522095,action,0
demo.mp4,17,0.23178015316233916,0.0026858521159738302,0.34967081406537226,0.4137720465660095,action,1
demo.mp4,17,0.41393863453584556,0.038439732044935226,0.568536511589499,0.3620738983154297,action,2
demo.mp4,17,0.011197224084068747,0.002730789128690958,0.5871038549086627,0.9877027273178101,action,3
demo.mp4,17,0.33248513165642235,0.052353113889694214,0.45199284273035384,0.3817465901374817,action,4
demo.mp4,17,0.6341274485868567,0.0,0.9853097354664522,0.9800846576690674,action,5
demo.mp4,18,0.5529567494111902,0.0007011985871940851,0.706135155172909,0.4295617640018463,action,0
demo.mp4,18,0.011549396374646356,0.0,0.5604732737821692,0.994994044303894,action,1
demo.mp4,18,0.4047442267922794,0.04602600261569023,0.5667748395134421,0.37765616178512573,action,2
demo.mp4,18,0.22662358003504135,0.0010511588770896196,0.34989152796128214,0.4247180223464966,action,3
demo.mp4,18,0.33683265237247245,0.05721120908856392,0.4453038383932675,0.38295164704322815,action,4
demo.mp4,19,0.5406118056353401,0.00045808791765011847,0.7002924302045037,0.4161038100719452,action,0
demo.mp4,19,0.016172421679777258,0.009620971977710724,0.5628199409036075,0.9867673516273499,action,1
demo.mp4,19,0.32244417527142694,0.07344558835029602,0.4313187094295726,0.397384375333786,action,2
demo.mp4,19,0.21246263840619256,0.010987949557602406,0.3324425416834214,0.4451272487640381,action,3
demo.mp4,19,0.4005345064051011,0.05017322674393654,0.5636567059685202,0.38776305317878723,action,4
demo.mp4,20,0.5241668252383962,0.0018073845421895385,0.6842843897202435,0.4219375550746918,action,0
demo.mp4,20,0.19911074918859145,0.0068503571674227715,0.3315611670998966,0.4293149709701538,action,1
demo.mp4,20,0.008510844146504121,0.020433997735381126,0.5443224289838006,0.9892584085464478,action,2
demo.mp4,20,0.3277176127714269,0.0026037979405373335,0.9841522216796875,0.9907414317131042,action,3
demo.mp4,21,0.5204541823443245,0.004644183907657862,0.6718213698443245,0.4101525843143463,action,0
demo.mp4,21,0.1859614316154929,0.00746852857992053,0.3166094611672794,0.42790207266807556,action,1
demo.mp4,21,0.009601553748635685,0.0017864226829260588,0.5523385440602022,0.992053210735321,action,2
demo.mp4,21,0.3757015228271484,0.041301652789115906,0.5343209210564108,0.3763471245765686,action,3
demo.mp4,22,0.5204052195829504,0.004975261632353067,0.6724291633157169,0.4098155200481415,action,0
demo.mp4,22,0.002660742402076721,0.013271675445139408,0.519834181841682,0.9921026825904846,action,1
demo.mp4,22,0.18607696084415212,0.007471828255802393,0.3165543275720933,0.4279095530509949,action,2
demo.mp4,22,0.1939515282126034,0.0009629058768041432,0.9874107809627757,0.9929214715957642,action,3
demo.mp4,22,0.37569528467514934,0.04130582883954048,0.5343296724207262,0.3763504922389984,action,4
demo.mp4,23,0.5164885577033548,0.00597927113994956,0.6701252656824449,0.40261250734329224,action,0
demo.mp4,23,0.0010173004339723026,0.0,0.534512149586397,0.9966529607772827,action,1
demo.mp4,23,0.17902433731976677,0.005855293478816748,0.3154004714068244,0.4233514666557312,action,2
demo.mp4,23,0.3777973399442785,0.03535488247871399,0.5227780959185432,0.33941417932510376,action,3
demo.mp4,23,0.30060961106244255,0.05537334457039833,0.4018738690544577,0.37990036606788635,action,4
demo.mp4,24,0.5197376924402574,4.255294697941281e-05,0.6762249217313878,0.3903561532497406,action,0
demo.mp4,24,0.29417969198787913,0.051884956657886505,0.4073126849006204,0.37721920013427734,action,1
demo.mp4,24,0.00794214921839097,0.0,0.5265508315142463,0.9900375604629517,action,2
demo.mp4,24,0.18493543512680952,0.004871635232120752,0.3121089262120864,0.4166165888309479,action,3
demo.mp4,24,0.38285333970013785,0.026248818263411522,0.5291847229003906,0.3217014670372009,action,4
demo.mp4,24,0.11303725523107191,0.0,0.9800687004538143,0.9924290180206299,action,5
demo.mp4,25,0.5298248291015625,0.0027985763736069202,0.6824837179744945,0.38662129640579224,action,0
demo.mp4,25,0.007327548896565157,0.0,0.5277823055491728,0.9901567101478577,action,1
demo.mp4,25,0.18895609238568475,0.0021924972534179688,0.3127451503978056,0.41519302129745483,action,2
demo.mp4,25,0.3940501044778263,0.022082442417740822,0.5426530725815717,0.32908904552459717,action,3
demo.mp4,25,0.30797590367934286,0.047786034643650055,0.4158094518324908,0.36661162972450256,action,4
demo.mp4,25,0.17284203697653377,0.005096550099551678,0.9806736665613511,0.9885687232017517,action,5
demo.mp4,26,0.008062009250416476,0.0,0.5391895069795496,0.990553617477417,action,0
demo.mp4,26,0.5348219030043658,0.0069374083541333675,0.6754924998563878,0.3688599467277527,action,1
demo.mp4,26,0.400660301657284,0.020445890724658966,0.5473217683679917,0.3178524076938629,action,2
demo.mp4,26,0.20022986916934743,0.0023422050289809704,0.3292162951301126,0.4019419848918915,action,3
demo.mp4,26,0.3186797198127298,0.039997730404138565,0.4270843505859375,0.36128562688827515,action,4
demo.mp4,27,0.202656151266659,0.000958347343839705,0.32915689804974724,0.39465415477752686,action,0
demo.mp4,27,0.5357016170726103,0.0038539504166692495,0.6683320886948529,0.3712955713272095,action,1
demo.mp4,27,0.39954174266142006,0.01665487326681614,0.5482212291044347,0.31008872389793396,action,2
demo.mp4,27,0.008264665743883919,0.0,0.5509444741641774,0.9914320111274719,action,3
demo.mp4,27,0.32146689471076517,0.03782733902335167,0.4272447025074678,0.3546546995639801,action,4
demo.mp4,28,0.19930547826430378,0.00020143509027548134,0.3333915037267348,0.39752328395843506,action,0
demo.mp4,28,0.39239596198586857,0.01979036256670952,0.5446530959185432,0.29765239357948303,action,1
demo.mp4,28,0.5320835786707261,0.001092033344320953,0.6635262433220358,0.37791064381599426,action,2
demo.mp4,28,0.009602070555967443,0.0,0.5406276029698989,0.9967469573020935,action,3
demo.mp4,28,0.3246003319235409,0.03884301334619522,0.42228617948644304,0.3541097939014435,action,4
demo.mp4,29,0.19930516411276425,0.0002017593360505998,0.3333919973934398,0.3975188732147217,action,0
demo.mp4,29,0.3923838447122013,0.019781675189733505,0.5446419210994945,0.2976752817630768,action,1
demo.mp4,29,0.5321705088895909,0.0011205291375517845,0.663637497845818,0.37890133261680603,action,2
demo.mp4,29,0.009669220447540284,0.0,0.5405150020823759,0.9971820116043091,action,3
demo.mp4,29,0.3245996587416705,0.03884337469935417,0.4222865385167739,0.3541073203086853,action,4
demo.mp4,30,0.20145889731014477,0.004268531687557697,0.3326221914852367,0.3891836404800415,action,0
demo.mp4,30,0.007876492247861975,0.025927085429430008,0.5320675120634191,0.9879997372627258,action,1
demo.mp4,30,0.3983548781451057,0.01717367209494114,0.5489779304055606,0.311337947845459,action,2
demo.mp4,30,0.5320131638470817,0.002516784705221653,0.6664576810948989,0.3845840096473694,action,3
demo.mp4,30,0.32430821587057673,0.03376301750540733,0.42200200697954965,0.3452502489089966,action,4
demo.mp4,31,0.19977569580078125,0.004655075259506702,0.3319851370418773,0.37972453236579895,action,0
demo.mp4,31,0.3926946752211627,0.012076396495103836,0.5469165128820083,0.28251469135284424,action,1
demo.mp4,31,0.009762122350580552,0.0,0.5645062614889705,0.9966064691543579,action,2
demo.mp4,31,0.5346604291130514,0.0032615852542221546,0.683784080954159,0.36779266595840454,action,3
demo.mp4,31,0.6146949319278493,0.0037877464201301336,0.8290515675264246,0.4884110391139984,action,4
demo.mp4,31,0.3192933250876034,0.022632751613855362,0.4264138614430147,0.33546438813209534,action,5
demo.mp4,32,0.19982212291044346,0.00501609779894352,0.33209084903492647,0.3817096948623657,action,0
demo.mp4,32,0.5317604064941406,0.0033098412677645683,0.6892589793485754,0.3771335482597351,action,1
demo.mp4,32,0.39331503475413604,0.010479116812348366,0.5452335582059973,0.2746899724006653,action,2
demo.mp4,32,0.007338889206157011,0.0,0.5591733147116268,0.9958865642547607,action,3
demo.mp4,32,0.6344865686753217,0.00927747692912817,0.8343852323644302,0.4720238447189331,action,4
demo.mp4,33,0.2057722203871783,0.0011191368103027344,0.33284781960880055,0.3778163194656372,action,0
demo.mp4,33,0.3928775562959559,0.010467614978551865,0.5470696393181296,0.2758956253528595,action,1
demo.mp4,33,0.007306563152986415,0.0,0.5613900128532858,0.9977779388427734,action,2
demo.mp4,33,0.5334592033835018,0.002174949739128351,0.690195644603056,0.3774215579032898,action,3
demo.mp4,33,0.6393058776855469,0.0012786674778908491,0.8831510656020221,0.469402015209198,action,4
demo.mp4,33,0.6834873423856848,0.040257491171360016,0.9999616735121784,0.9835852980613708,action,5
demo.mp4,34,0.20514122458065256,0.004459896124899387,0.3253349079805262,0.3697506785392761,action,0
demo.mp4,34,0.5343636007869945,0.009057540446519852,0.6958580465877757,0.36679065227508545,action,1
demo.mp4,34,0.006782883756300982,0.0,0.5581341462976792,0.9971128702163696,action,2
demo.mp4,34,0.32097381143008963,0.0172243881970644,0.42752645155962776,0.31414562463760376,action,3
demo.mp4,34,0.632120558794807,0.011142902076244354,0.8295733283547794,0.4283004105091095,action,4
demo.mp4,34,0.3953680150649127,0.003978424239903688,0.5486658881692326,0.27721330523490906,action,5
demo.mp4,35,0.20646730310776654,0.0016529655549675226,0.3304478364832261,0.3587065041065216,action,0
demo.mp4,35,0.011021841273588292,0.010166778229176998,0.6124031066894531,0.9940266609191895,action,1
demo.mp4,35,0.6325771556181066,0.009935207664966583,0.8262938555549173,0.4412926435470581,action,2
demo.mp4,35,0.3105992036707261,0.006351356394588947,0.42905403585994945,0.3145465850830078,action,3
demo.mp4,35,0.5312829410328584,0.007040004711598158,0.7070133433622472,0.3440569341182709,action,4
demo.mp4,35,0.39304091509650735,0.003540162928402424,0.5461840012494256,0.2574932873249054,action,5
demo.mp4,36,0.20442803326775047,0.0009705733973532915,0.3285305471981273,0.3563239276409149,action,0
demo.mp4,36,0.01081694574917064,0.009677848778665066,0.6098309685202206,0.9941160678863525,action,1
demo.mp4,36,0.6327289805692785,0.01060813944786787,0.8268067303825827,0.44224414229393005,action,2
demo.mp4,36,0.3105843712301815,0.006316480692476034,0.42904389325310205,0.31467437744140625,action,3
demo.mp4,36,0.534460942885455,0.00837070494890213,0.7022141400505515,0.34881874918937683,action,4
demo.mp4,36,0.393072509765625,0.0035396385937929153,0.5461879057042739,0.25748106837272644,action,5
demo.mp4,37,0.20797644222483916,0.0014564704615622759,0.3325419257668888,0.34663787484169006,action,0
demo.mp4,37,0.6340674456428079,0.00036397934309206903,0.8409214692957261,0.43421754240989685,action,1
demo.mp4,37,0.5365768881405101,0.011389579623937607,0.6924676782944623,0.33151841163635254,action,2
demo.mp4,37,0.010317783495959113,0.0058794403448700905,0.6217831331140855,0.9951610565185547,action,3
demo.mp4,37,0.5857110864975873,0.0048085786402225494,0.7540553373448989,0.35113221406936646,action,4
demo.mp4,37,0.3058290818158318,0.00038485525874421,0.4272719439338235,0.30479365587234497,action,5
demo.mp4,37,0.3914918338551241,0.0025366591289639473,0.5424710442038143,0.23369692265987396,action,6
demo.mp4,38,0.6335843703326057,0.00046422958257608116,0.8430947696461397,0.43809768557548523,action,0
demo.mp4,38,0.207763110890108,0.0035889053251594305,0.33247164557961856,0.34842440485954285,action,1
demo.mp4,38,0.5374913832720588,0.011190547607839108,0.6982823091394761,0.3294903635978699,action,2
demo.mp4,38,0.31231525645536534,0.006703109946101904,0.4313698712517233,0.3185368776321411,action,3
demo.mp4,38,0.007640734840841854,0.00045104979653842747,0.5741724799661075,0.998433530330658,action,4
demo.mp4,38,0.3917803596047794,0.0025259589310735464,0.5440232220818014,0.235494464635849,action,5
demo.mp4,39,0.21304731930003445,0.0025189591106027365,0.3332001181209789,0.35668790340423584,action,0
demo.mp4,39,0.6403033537023207,0.00039951325743459165,0.8447716208065257,0.4442850947380066,action,1
demo.mp4,39,0.5440481298110065,0.0097836684435606,0.6959493300494026,0.33666789531707764,action,2
demo.mp4,39,0.0074719548225402836,0.003880119416862726,0.601219446518842,0.99724942445755,action,3
demo.mp4,39,0.3974506602567785,0.003656940534710884,0.5456797431497012,0.22936733067035675,action,4
demo.mp4,39,0.31156373865464154,0.005404491443186998,0.43130398918600643,0.3280460238456726,action,5
demo.mp4,40,0.6511821971220129,0.0008299064356833696,0.8584592931410846,0.43550819158554077,action,0
demo.mp4,40,0.5471471001120175,0.009632148779928684,0.7074618171243107,0.33142563700675964,action,1
demo.mp4,40,0.21462043313419119,0.0023081970866769552,0.3488693461698644,0.3498155474662781,action,2
demo.mp4,40,0.010361708613003002,0.018230361863970757,0.6095842249253217,0.9869487881660461,action,3
demo.mp4,40,0.403396292293773,0.003082056064158678,0.5611120784983915,0.2303755134344101,action,4
demo.mp4,41,0.6567139569450827,0.0007423019269481301,0.8659371768727022,0.43660643696784973,action,0
demo.mp4,41,0.22358923519358914,0.0032802962232381105,0.35437390944536995,0.35498714447021484,action,1
demo.mp4,41,0.549448574290556,0.0023990822955965996,0.7107989142922794,0.3381977081298828,action,2
demo.mp4,41,0.01170583121916827,0.02702365815639496,0.632719825295841,0.9895135760307312,action,3
demo.mp4,41,0.40516927382525275,0.004090156406164169,0.56046604829676,0.2387276589870453,action,4
demo.mp4,41,0.32679153891170726,0.0029458904173225164,0.43995370303883274,0.304632306098938,action,5
demo.mp4,42,0.6553690293255974,0.00043388365884311497,0.8718132467830882,0.4392128884792328,action,0
demo.mp4,42,0.217492114796358,0.0013633918715640903,0.3483980291029986,0.35993918776512146,action,1
demo.mp4,42,0.0073759233250337486,0.027844391763210297,0.6009580275591682,0.9882216453552246,action,2
demo.mp4,42,0.5464591979980469,0.010865879245102406,0.7086867388556986,0.34541481733322144,action,3
demo.mp4,42,0.4076473011690028,0.00455645564943552,0.5640382205738741,0.23795010149478912,action,4
demo.mp4,42,0.32307768429026884,0.00816937442868948,0.44346340403837314,0.32126396894454956,action,5
demo.mp4,43,0.6548058902516084,0.0004981231759302318,0.8698495303883272,0.43942931294441223,action,0
demo.mp4,43,0.22079898609834558,0.00327581400051713,0.34922218322753906,0.35948318243026733,action,1
demo.mp4,43,0.008294149707345402,0.027628745883703232,0.6002429288976333,0.988177478313446,action,2
demo.mp4,43,0.5481781454647289,0.009849757887423038,0.7082464330336626,0.3438150882720947,action,3
demo.mp4,43,0.40696029663085936,0.0043494608253240585,0.5646392373477711,0.23645195364952087,action,4
demo.mp4,43,0.32301808525534237,0.008480996824800968,0.4436896380256204,0.3210467994213104,action,5
demo.mp4,44,0.6521557078642004,0.0003214454627595842,0.8786577112534467,0.43904030323028564,action,0
demo.mp4,44,0.22386752857881434,0.002874736674129963,0.347949151431813,0.3586333394050598,action,1
demo.mp4,44,0.5490962308995864,0.010269546881318092,0.7112323536592371,0.3361615240573883,action,2
demo.mp4,44,0.00808867987464456,0.02618999406695366,0.6136213414809283,0.9891102313995361,action,3
demo.mp4,44,0.40807082232306985,0.003136739833280444,0.5661220326143153,0.23759464919567108,action,4
demo.mp4,45,0.6409041909610524,0.003189888084307313,0.8821884155273437,0.4302927255630493,action,0
demo.mp4,45,0.21965760623707492,0.005001564044505358,0.3514564514160156,0.3660956621170044,action,1
demo.mp4,45,0.008454287753385656,0.037788085639476776,0.6029214746811811,0.9893324375152588,action,2
demo.mp4,45,0.5535394556382123,0.012733077630400658,0.7243237214929917,0.33742082118988037,action,3
demo.mp4,46,0.22194595336914064,0.0009992789709940553,0.3732056561638327,0.3766571879386902,action,0
demo.mp4,46,0.01099382148069494,0.0,0.5856154049144072,0.9980022311210632,action,1
demo.mp4,46,0.6836323906393612,0.01758771948516369,0.870738130457261,0.4609125554561615,action,2
demo.mp4,46,0.5510683845071231,0.0025953673757612705,0.710720511043773,0.36797988414764404,action,3
demo.mp4,47,0.23575977998621322,0.0028882790356874466,0.37994164859547336,0.4197964370250702,action,0
demo.mp4,47,0.009884365165934843,0.07030380517244339,0.6841609730440028,0.9818267226219177,action,1
demo.mp4,47,0.7069696314194623,0.0010917664039880037,0.918701800178079,0.4860904812812805,action,2
demo.mp4,48,0.012459813847261317,0.014889869838953018,0.6618367812212775,0.9879840016365051,action,0
demo.mp4,49,0.013523392116322237,0.012744217179715633,0.6802543191348805,0.9898844361305237,action,0
demo.mp4,50,0.6042523552389706,0.015992870554327965,0.7622254315544578,0.47290757298469543,action,0
demo.mp4,50,0.009776132247027228,0.007096633780747652,0.45453428380629596,0.9934269785881042,action,1
demo.mp4,50,0.27481817357680377,0.025759125128388405,0.4020079668830423,0.4193563163280487,action,2
demo.mp4,51,0.007252905649297378,0.05321662873029709,0.6460086149327895,0.9945943355560303,action,0
demo.mp4,51,0.6188223446116728,0.014716357924044132,0.768702787511489,0.4425086975097656,action,1
demo.mp4,51,0.2896031547995175,0.029513873159885406,0.41590728759765627,0.43396255373954773,action,2
demo.mp4,51,0.7193027271943934,0.0033214569557458162,0.9938590554630056,0.671608030796051,action,3
demo.mp4,52,0.3019238864674288,0.020555229857563972,0.42479907765107994,0.4523277282714844,action,0
demo.mp4,52,0.01181489579817828,0.01986023038625717,0.6253970875459559,0.9910200238227844,action,1
demo.mp4,52,0.625872802734375,0.005073509179055691,0.758042189654182,0.4765203595161438,action,2
demo.mp4,53,0.615903517779182,0.012329749763011932,0.773318660960478,0.47216346859931946,action,0
demo.mp4,53,0.29527706819422106,0.02397819608449936,0.4187303879681756,0.4505007266998291,action,1
demo.mp4,53,0.0189389565411736,0.014706497080624104,0.677787556367762,0.9899400472640991,action,2
demo.mp4,54,0.6115276112275965,0.007721977308392525,0.755662446863511,0.44600459933280945,action,0
demo.mp4,54,0.29011077880859376,0.017693176865577698,0.41310375438017005,0.43067318201065063,action,1
demo.mp4,54,0.019445468397701487,0.055098000913858414,0.7394655115464155,0.9876224994659424,action,2
demo.mp4,55,0.604990566478056,0.0005013656336814165,0.7398034039665671,0.42851799726486206,action,0
demo.mp4,55,0.28144941890940944,0.008885383605957031,0.4055809020996094,0.41470155119895935,action,1
demo.mp4,55,0.021205611789927765,0.021229781210422516,0.7404953451717601,0.9904534816741943,action,2
demo.mp4,56,0.6050410551183364,0.0007003402570262551,0.7388640908633961,0.42858925461769104,action,0
demo.mp4,56,0.2814493515912224,0.008885174058377743,0.40558103673598345,0.4147018492221832,action,1
demo.mp4,56,0.021016219083000633,0.02154701203107834,0.7345662285299862,0.9900746941566467,action,2
demo.mp4,57,0.5995361776912913,0.002975940704345703,0.7466533885282629,0.41212037205696106,action,0
demo.mp4,57,0.278472339405733,0.008121490478515625,0.39691969927619486,0.405568927526474,action,1
demo.mp4,57,0.00558885090491351,0.0,0.6231744654038374,0.9946589469909668,action,2
demo.mp4,58,0.27360155442181755,0.0005843734834343195,0.39655380249023436,0.40036341547966003,action,0
demo.mp4,58,0.005422540271983427,0.0,0.6225438286276425,0.9952431321144104,action,1
demo.mp4,58,0.6073128644157858,0.0005782127263955772,0.7632219202378216,0.41075706481933594,action,2
demo.mp4,59,0.00660933817134184,8.66317714098841e-05,0.6169190350700827,0.9984713792800903,action,0
demo.mp4,59,0.5993909499224495,0.0018896294059231877,0.7622842227711397,0.40179243683815,action,1
demo.mp4,59,0.2717751895680147,0.006080665625631809,0.3917246201459099,0.39254137873649597,action,2
demo.mp4,60,0.004802657225552727,0.0,0.6271620806525735,0.9992721080780029,action,0
demo.mp4,60,0.6046008390538833,0.005038890987634659,0.7628087660845588,0.3844205439090729,action,1
demo.mp4,60,0.27987711289349726,0.007358284201472998,0.3954045912798713,0.37219104170799255,action,2
demo.mp4,61,0.6058628755457262,0.008274135179817677,0.7746605368221507,0.37720122933387756,action,0
demo.mp4,61,0.013344478607177735,0.0,0.7117438372443704,0.9994320869445801,action,1
demo.mp4,61,0.2816974639892578,0.002746677491813898,0.4091122346765855,0.3647211492061615,action,2
demo.mp4,62,0.60666966157801,0.007512359414249659,0.7731354657341453,0.370511919260025,action,0
demo.mp4,62,0.012303952609791476,0.0,0.6999443951775046,0.999173104763031,action,1
demo.mp4,62,0.28051062191233916,0.0023681640159338713,0.40967918844784007,0.3656935393810272,action,2
demo.mp4,62,0.24484125025132122,0.012704124674201012,0.30094700981588923,0.3919287919998169,action,3
demo.mp4,63,0.6066705591538373,0.007502345833927393,0.7731568280388327,0.3705209493637085,action,0
demo.mp4,63,0.012380462534287397,0.0,0.7005288965561811,0.9992144703865051,action,1
demo.mp4,63,0.28032448712517233,0.002340183360502124,0.40977280560661766,0.3658101558685303,action,2
demo.mp4,63,0.24493049172794118,0.012452087365090847,0.3009186912985409,0.39260438084602356,action,3
demo.mp4,64,0.007913698869593004,0.0,0.6802022148581112,0.9988554120063782,action,0
demo.mp4,64,0.7071696113137638,0.0,0.9745959113625919,0.47949492931365967,action,1
demo.mp4,64,0.6090469809139476,0.007689628750085831,0.7834040024701286,0.35136014223098755,action,2
demo.mp4,64,0.2856669257668888,0.0022833251859992743,0.408271385641659,0.35367920994758606,action,3
demo.mp4,65,0.707315242991728,0.008899078704416752,0.9323767269358916,0.464781254529953,action,0
demo.mp4,65,0.2927034490248736,0.0053227804601192474,0.4130225237678079,0.3352542817592621,action,1
demo.mp4,65,0.014085858008440803,0.0,0.7423337599810432,0.9987123012542725,action,2
demo.mp4,65,0.6091712951660156,0.006173972971737385,0.782291457232307,0.35181915760040283,action,3
demo.mp4,66,0.7039574567009421,0.002132320310920477,0.9439435173483456,0.44956138730049133,action,0
demo.mp4,66,0.2938310510971967,0.0072409058921039104,0.4187512566061581,0.33132073283195496,action,1
demo.mp4,66,0.6132055394789752,0.01015176810324192,0.7770184685202206,0.34145331382751465,action,2
demo.mp4,66,0.006163057860206155,0.005755577236413956,0.6556174334357766,0.9861659407615662,action,3
demo.mp4,67,0.7061559789321001,0.002367648994550109,0.943149611529182,0.43349891901016235,action,0
demo.mp4,67,0.29269121955422794,0.003420333843678236,0.4212742524988511,0.32973572611808777,action,1
demo.mp4,67,0.012948726205264821,0.004877433646470308,0.6992509280934053,0.9874730110168457,action,2
demo.mp4,67,0.6146157657398897,0.008609580807387829,0.7778454948874081,0.33286118507385254,action,3
demo.mp4,68,0.7120793959673714,0.002381229307502508,0.9432075949276195,0.4362132251262665,action,0
demo.mp4,68,0.012601520033443675,0.0011349106207489967,0.6713254143210018,0.9886400103569031,action,1
demo.mp4,68,0.30169673246495865,0.0025977897457778454,0.4242413689108456,0.3195054829120636,action,2
demo.mp4,68,0.6157020568847656,0.004537477623671293,0.7943533504710478,0.31981128454208374,action,3
demo.mp4,68,0.24173626619226793,0.012104511260986328,0.30302846571978403,0.3493393659591675,action,4
demo.mp4,69,0.7109721464269302,0.0020320701878517866,0.9398375567267923,0.42026612162590027,action,0
demo.mp4,69,0.297091988956227,0.0008332442957907915,0.4260164148667279,0.3009019196033478,action,1
demo.mp4,69,0.6077922147863052,0.003911676350980997,0.7767784567440257,0.3037402629852295,action,2
demo.mp4,69,0.004536726544885074,0.0011800002539530396,0.6277500825769761,0.985862135887146,action,3
demo.mp4,69,0.24008647694307214,0.007645836099982262,0.3013878766228171,0.3367532789707184,action,4
demo.mp4,70,0.7109681073357077,0.0020086669828742743,0.9396751852596508,0.42019474506378174,action,0
demo.mp4,70,0.29709263969870175,0.0008316707680933177,0.42601560704848346,0.30090048909187317,action,1
demo.mp4,70,0.6077922147863052,0.003911647945642471,0.7767784567440257,0.30374032258987427,action,2
demo.mp4,70,0.004561444941688987,0.0011771011631935835,0.6274876762838925,0.985924243927002,action,3
demo.mp4,70,0.24008589351878445,0.007647514343261719,0.30138724831973807,0.33676204085350037,action,4
demo.mp4,71,0.7075041378245635,0.0,0.9460929421817555,0.4118875563144684,action,0
demo.mp4,71,0.29363910450654873,0.000650539412163198,0.41994943057789524,0.29685088992118835,action,1
demo.mp4,71,0.6091489904067096,0.0044372654519975185,0.7658493939568015,0.2988066077232361,action,2
demo.mp4,71,0.007291145885691923,0.0011566925095394254,0.6192318187040441,0.9839577674865723,action,3
demo.mp4,72,0.7087672962861903,0.0,0.9505604463465074,0.40474745631217957,action,0
demo.mp4,72,0.29231257719152115,0.0008337116451002657,0.4109355702119715,0.28976085782051086,action,1
demo.mp4,72,0.01818351044374354,0.002981338417157531,0.7701530007755055,0.9825429320335388,action,2
demo.mp4,72,0.6080678154440488,0.0033300304785370827,0.7647905237534467,0.30401813983917236,action,3
demo.mp4,73,0.7051992079790901,0.0017529106698930264,0.9278714348288143,0.3949020504951477,action,0
demo.mp4,73,0.013637252414927763,0.0,0.6216880798339843,0.9526246786117554,action,1
demo.mp4,73,0.28961287105784694,0.0024039745330810547,0.4040369370404412,0.2907954156398773,action,2
demo.mp4,73,0.5959178251378676,0.0029002665542066097,0.7564074348000919,0.29110726714134216,action,3
demo.mp4,74,0.7054387709673713,0.0,0.9306737563189338,0.38910630345344543,action,0
demo.mp4,74,0.014647231382482192,0.0034679032396525145,0.8135936961454504,0.9718618988990784,action,1
demo.mp4,74,0.28396601957433365,0.001210546470247209,0.40160446166992186,0.27899375557899475,action,2
demo.mp4,74,0.5965458589441636,0.0018294906476512551,0.7591621847713694,0.2829520106315613,action,3
demo.mp4,75,0.7020315282485065,0.0,0.944672259162454,0.38779082894325256,action,0
demo.mp4,75,0.009082238113178926,0.000824241666123271,0.6479080648983226,0.9716922044754028,action,1
demo.mp4,75,0.28196936214671414,0.0024866675958037376,0.40050452737247244,0.2771763205528259,action,2
demo.mp4,75,0.5957380855784696,0.004317865241318941,0.7631374583524816,0.2782215178012848,action,3
demo.mp4,76,0.7022959540872012,0.0,0.9393223482019761,0.3876737952232361,action,0
demo.mp4,76,0.009438802915460924,0.0008917999221011996,0.648945213766659,0.9721817970275879,action,1
demo.mp4,76,0.28196889091940486,0.002486114390194416,0.40050237319048715,0.2771780490875244,action,2
demo.mp4,76,0.5957679748535156,0.0043092155829072,0.7631629495059743,0.2782193422317505,action,3
demo.mp4,77,0.6935665355009191,0.00023216247791424394,0.9189866907456342,0.394466757774353,action,0
demo.mp4,77,0.014861169983358943,0.0,0.6313980102539063,0.9433925747871399,action,1
demo.mp4,77,0.27093018924488743,0.0015899277059361339,0.38665291281307446,0.27496251463890076,action,2
demo.mp4,77,0.5837692709530101,0.005014343187212944,0.7540247300091911,0.2768719792366028,action,3
demo.mp4,78,0.6839510749368106,0.0,0.9149627685546875,0.3991297781467438,action,0
demo.mp4,78,0.010433451568379121,0.00028373717213980854,0.5995836145737592,0.9746439456939697,action,1
demo.mp4,78,0.2619471830480239,0.003167381277307868,0.37498377631692326,0.278158962726593,action,2
demo.mp4,78,0.5761087305405561,0.008201493881642818,0.7323913125430837,0.2656991183757782,action,3
demo.mp4,79,0.007237087277805104,0.0010639190440997481,0.6214046253877528,0.9865387082099915,action,0
demo.mp4,79,0.6875836540670955,0.0009132957202382386,0.9127526675953584,0.392833411693573,action,1
demo.mp4,79,0.2652611676384421,0.0007106781122274697,0.3757561627556296,0.2790723145008087,action,2
demo.mp4,79,0.5782383638269761,0.003763923654332757,0.7276295381433824,0.26893481612205505,action,3
demo.mp4,80,0.6974375556497013,0.0,0.9041430305032169,0.3870871663093567,action,0
demo.mp4,80,0.27304027781767004,0.001696996740065515,0.3835428574505974,0.28482916951179504,action,1
demo.mp4,80,0.01711002658395206,0.0,0.788895461138557,0.9800015091896057,action,2
demo.mp4,81,0.6978989545036764,0.0,0.9408956191119026,0.39384201169013977,action,0
demo.mp4,81,0.015897475971895107,0.0011430740123614669,0.7764731014476103,0.9846472144126892,action,1
demo.mp4,81,0.28371021046357997,0.0005824565887451172,0.39891577327952665,0.28419750928878784,action,2
demo.mp4,82,0.00856863540761611,7.74002110119909e-05,0.6229305042940028,0.9897682070732117,action,0
demo.mp4,82,0.6998292810776654,0.0,0.9460283167221967,0.39403098821640015,action,1
demo.mp4,82,0.289255568560432,0.0002467632293701172,0.39486779605641087,0.2838135063648224,action,2
demo.mp4,82,0.5891010957605699,0.004943361505866051,0.7517700644100413,0.2713458240032196,action,3
demo.mp4,83,0.008368218646329991,8.487701416015625e-05,0.6205911075367647,0.9898063540458679,action,0
demo.mp4,83,0.6998435974121093,0.0,0.9457977294921875,0.39413928985595703,action,1
demo.mp4,83,0.28925536660587087,0.00024768829462118447,0.3948679306927849,0.28381285071372986,action,2
demo.mp4,83,0.5891365948845358,0.004939489532262087,0.7517853680778952,0.271316796541214,action,3
demo.mp4,84,0.00784548661288093,0.0006993103306740522,0.6219291687011719,0.9893103837966919,action,0
demo.mp4,84,0.6958919300752527,0.0,0.9273047054515166,0.38845276832580566,action,1
demo.mp4,84,0.2863186780144187,0.0037764834705740213,0.39554012522977944,0.27982863783836365,action,2
demo.mp4,85,0.6937884162454044,0.0,0.9349628224092371,0.38964512944221497,action,0
demo.mp4,85,0.28535180933335247,0.0036116219125688076,0.40037577012005976,0.27864235639572144,action,1
demo.mp4,85,0.006982151901020723,0.0,0.6076503080480239,0.9682087898254395,action,2
demo.mp4,86,0.695139851289637,0.0,0.9312800687902114,0.39218780398368835,action,0
demo.mp4,86,0.2892244675580193,0.0001629352627787739,0.40340715296128216,0.28112274408340454,action,1
demo.mp4,86,0.014304217170266545,0.0,0.7403543808880975,0.9749646782875061,action,2
demo.mp4,86,0.5868454877068014,0.004276256542652845,0.7427493824678308,0.2712081968784332,action,3
demo.mp4,87,0.006499641081866096,0.0,0.6283777124741499,0.9884354472160339,action,0
demo.mp4,87,0.69627124561983,0.0007686996250413358,0.9477498671587776,0.3880910575389862,action,1
demo.mp4,87,0.289358767341165,0.0023251534439623356,0.40295428107766545,0.27342861890792847,action,2
demo.mp4,87,0.5921867819393383,0.005674371495842934,0.7394906436695772,0.26115843653678894,action,3
demo.mp4,88,0.008141533066244686,0.0,0.6311368156881894,0.9808584451675415,action,0
demo.mp4,88,0.6938597286448759,4.00543194700731e-06,0.9242839140050552,0.38029319047927856,action,1
demo.mp4,88,0.2896183911491843,8.272170816780999e-05,0.39845213048598344,0.2704218029975891,action,2
demo.mp4,88,0.5919877444996553,0.0005087661556899548,0.7366441614487592,0.26109254360198975,action,3
demo.mp4,89,0.6893158856560202,0.0,0.9054543887867647,0.3817644417285919,action,0
demo.mp4,89,0.007859180955325855,0.0013284683227539062,0.6378838034237132,0.9779185652732849,action,1
demo.mp4,89,0.28122031267951514,0.0019765282049775124,0.391301368264591,0.27097493410110474,action,2
demo.mp4,89,0.5851489347570082,0.0035839939955621958,0.7365675533519072,0.2665318548679352,action,3
demo.mp4,90,0.6894524518181296,0.0,0.9056716918945312,0.3810153901576996,action,0
demo.mp4,90,0.008339078987345976,0.001245193532668054,0.6334211910472197,0.976406455039978,action,1
demo.mp4,90,0.28116192537195545,0.001993475016206503,0.3913095810834099,0.2711818218231201,action,2
demo.mp4,90,0.5851594363941865,0.0036064053419977427,0.7366696077234605,0.26664242148399353,action,3
demo.mp4,91,0.6909076466279871,0.0003603172372095287,0.9014125150792739,0.38562682271003723,action,0
demo.mp4,91,0.008320044769960292,0.0006228637648746371,0.6286148071289063,0.9782736897468567,action,1
demo.mp4,91,0.27999669243307673,0.0032317161094397306,0.38992089664234836,0.28023090958595276,action,2
demo.mp4,91,0.5814966538373162,0.005445556715130806,0.7306976767147288,0.26082533597946167,action,3
demo.mp4,92,0.6903424880083869,0.0,0.9214285457835478,0.39017975330352783,action,0
demo.mp4,92,0.2790273105396944,0.0038801764603704214,0.39266725427964155,0.2842686176300049,action,1
demo.mp4,92,0.008454604008618524,0.0,0.634202485926011,0.9814450144767761,action,2
demo.mp4,92,0.5859869564280791,0.004361114464700222,0.7389465780819163,0.2757126986980438,action,3
demo.mp4,93,0.27755281784955194,0.0031179427169263363,0.3964079912971048,0.2862098217010498,action,0
demo.mp4,93,0.6949483534869025,2.120971657859627e-05,0.9144775390625,0.3877887427806854,action,1
demo.mp4,93,0.007907727185417624,0.0,0.6125100079704734,0.9799532890319824,action,2
demo.mp4,93,0.5835798824534697,0.0036121464800089598,0.7434335147633272,0.28137415647506714,action,3
demo.mp4,94,0.6927028431611902,0.0006757735973224044,0.9319269516888786,0.3964972198009491,action,0
demo.mp4,94,0.27640623204848347,0.002528486307710409,0.3951390883501838,0.2922210395336151,action,1
demo.mp4,94,0.008076220400193158,0.0,0.6141266766716452,0.9816915392875671,action,2
demo.mp4,94,0.5864268583409926,0.003623857395723462,0.7440974964815028,0.28378355503082275,action,3
demo.mp4,95,0.6891623104319853,0.0,0.9191843369427849,0.3914225697517395,action,0
demo.mp4,95,0.27436155431410847,0.0018445587484166026,0.39358309577493106,0.29668286442756653,action,1
demo.mp4,95,0.009348857402801513,0.0,0.6125720304601333,0.9803333282470703,action,2
demo.mp4,95,0.5877783382640166,0.005356492940336466,0.7420894398408777,0.2866193652153015,action,3
demo.mp4,96,0.6904760472914752,0.0,0.9198167688706342,0.39989638328552246,action,0
demo.mp4,96,0.0097618067965788,0.0,0.5974557315602022,0.9786778092384338,action,1
demo.mp4,96,0.27228593265309053,0.004007482435554266,0.3898442885454963,0.29895922541618347,action,2
demo.mp4,96,0.5608045241411994,0.00026437759515829384,0.7387588949764476,0.2894609570503235,action,3
demo.mp4,97,0.6904834522920497,0.0,0.9198244880227482,0.39991360902786255,action,0
demo.mp4,97,0.00939582586288452,0.0,0.5967487110811122,0.9790739417076111,action,1
demo.mp4,97,0.2722979826085708,0.003967590164393187,0.38982858096852024,0.2989424467086792,action,2
demo.mp4,97,0.560814173081342,0.00026586532476358116,0.7387583564309513,0.2894568145275116,action,3
demo.mp4,98,0.2700664744657629,0.002271680859848857,0.39919963163488054,0.3156203329563141,action,0
demo.mp4,98,0.5891637914321002,0.002007141010835767,0.7453297334558824,0.29389894008636475,action,1
demo.mp4,98,0.019601788240320543,0.0,0.7475255180807675,0.9725753664970398,action,2
demo.mp4,98,0.6966470157398897,0.003980426583439112,0.9788625380572151,0.41809073090553284,action,3
demo.mp4,99,0.5910932204302619,0.00146849628072232,0.7492863374597886,0.2914673686027527,action,0
demo.mp4,99,0.008285020379459157,0.0,0.6001022338867188,0.9836997985839844,action,1
demo.mp4,99,0.2699802623075597,0.002478370675817132,0.4008980694939108,0.3199506103992462,action,2
demo.mp4,99,0.7010633580824908,0.0024455643724650145,0.8830517039579504,0.40250709652900696,action,3
demo.mp4,100,0.5968969008501839,0.0028656006325036287,0.7529556274414062,0.28599679470062256,action,0
demo.mp4,100,0.01578051623176126,0.00011817931954283267,0.7103334763470818,0.9829959273338318,action,1
demo.mp4,100,0.2722020093132468,0.005639410112053156,0.3970647475298713,0.3247819244861603,action,2
demo.mp4,101,0.6020229563993567,0.0013786411145702004,0.7592832677504595,0.3002265691757202,action,0
demo.mp4,101,0.015994885388542626,0.0,0.7001767326803768,0.985757052898407,action,1
demo.mp4,101,0.2693469776826746,0.0025346947368234396,0.3986159380744485,0.33332693576812744,action,2
demo.mp4,102,0.014308754135580623,0.0,0.6907006656422334,0.9891485571861267,action,0
demo.mp4,102,0.6029402340159696,0.002429370768368244,0.7562639124253216,0.3114951252937317,action,1
demo.mp4,103,0.014107045005349553,0.0,0.695197655172909,0.9891324639320374,action,0
demo.mp4,103,0.6029541015625,0.0024392413906753063,0.7562624763039981,0.3115244209766388,action,1
demo.mp4,104,0.011688462425680722,0.0,0.6117377337287454,0.9682233333587646,action,0
demo.mp4,104,0.6036078509162454,0.0010620689718052745,0.7589149026309743,0.31355541944503784,action,1
demo.mp4,105,0.011104149678174188,0.0,0.6115026586196002,0.9764608144760132,action,0
demo.mp4,105,0.6024964725269991,0.0015427112812176347,0.753342482622932,0.30378952622413635,action,1
demo.mp4,105,0.263469830681296,0.004094295669347048,0.3912017822265625,0.3611253499984741,action,2
demo.mp4,106,0.011870764283572926,0.0,0.6021587147432215,0.9715437293052673,action,0
demo.mp4,106,0.600745750876034,0.00038883209344930947,0.7653506110696232,0.3252708911895752,action,1
demo.mp4,106,0.25955135121065026,0.004336662124842405,0.3877118727740119,0.3611014485359192,action,2
demo.mp4,107,0.01081619893803316,0.0,0.6225570678710938,0.9725499749183655,action,0
demo.mp4,107,0.6046739914838005,0.00224474910646677,0.7657382740693934,0.3205820918083191,action,1
demo.mp4,107,0.250176440968233,0.002080993726849556,0.3843436746036305,0.36879271268844604,action,2
demo.mp4,108,0.008729462763842415,0.0,0.6333680096794577,0.9834129214286804,action,0
demo.mp4,108,0.6061376235064339,0.005573368165642023,0.7672563440659467,0.3233985900878906,action,1
demo.mp4,108,0.24252350751091453,0.0003865814069285989,0.3806287877699908,0.3755056858062744,action,2
demo.mp4,109,0.006955251974218032,0.0,0.6232844633214614,0.9935046434402466,action,0
demo.mp4,109,0.5999033759622013,0.00205541611649096,0.7677029777975644,0.3393907845020294,action,1
demo.mp4,109,0.24526665631462546,0.0003215026808902621,0.3805794210994945,0.3736472427845001,action,2
demo.mp4,110,0.009518814788145178,0.0,0.6272530948414522,0.9828733801841736,action,0
demo.mp4,110,0.5999837987563189,0.002062187297269702,0.7676766788258272,0.3392821252346039,action,1
demo.mp4,110,0.2452495350557215,0.0003384399460628629,0.3805385813993566,0.37347859144210815,action,2
demo.mp4,111,0.009662990710314583,0.0,0.6227463666130515,0.9822481274604797,action,0
demo.mp4,111,0.25207375919117647,0.0004511451697908342,0.3811524335075827,0.3716963827610016,action,1
demo.mp4,111,0.6041390811695772,0.0025898171588778496,0.7747239056755515,0.33744025230407715,action,2
demo.mp4,112,0.6050118390251609,0.008343811146914959,0.7669431798598345,0.3487240672111511,action,0
demo.mp4,112,0.2515898536233341,0.0004470825078897178,0.3782657398897059,0.37127685546875,action,1
demo.mp4,112,0.008421990450690774,0.0,0.634110304888557,0.9866584539413452,action,2
demo.mp4,113,0.6016615026137409,0.006856403313577175,0.7649804507984834,0.33863624930381775,action,0
demo.mp4,113,0.25201312794404873,0.0004712104855570942,0.3748192506677964,0.37318146228790283,action,1
demo.mp4,113,0.37743050070369943,0.006150331348180771,0.5057044534122243,0.3125257194042206,action,2
demo.mp4,113,0.007000611810123219,0.0001424407964805141,0.6247864218319163,0.984138011932373,action,3
demo.mp4,114,0.006930389825035544,0.0,0.6270620907054228,0.9836975336074829,action,0
demo.mp4,114,0.6026590683880975,0.006791210267692804,0.7682756311753217,0.3497927188873291,action,1
demo.mp4,114,0.37775205724379596,0.005706300958991051,0.5090726067038144,0.3205871284008026,action,2
demo.mp4,114,0.2553257886101218,0.0007188415620476007,0.3743914211497587,0.37726810574531555,action,3
demo.mp4,115,0.006871823703541475,0.0004127883876208216,0.6436910741469439,0.9987092614173889,action,0
demo.mp4,115,0.6051666708553538,0.005298595409840345,0.7735097548540901,0.36672133207321167,action,1
demo.mp4,115,0.26088815576889934,0.0018626594683155417,0.3843701979693244,0.39333847165107727,action,2
demo.mp4,115,0.2696949005126953,0.006084861699491739,0.9909360997817096,0.9698799252510071,action,3
demo.mp4,116,0.008982589665581199,2.8305054001975805e-05,0.6529730404124541,0.9982321858406067,action,0
demo.mp4,116,0.6084992801441865,0.0113060949370265,0.7716508753159467,0.37889930605888367,action,1
demo.mp4,116,0.2609404844396255,0.012880001217126846,0.38550917681525737,0.401795357465744,action,2
demo.mp4,117,0.008377807280596564,0.00012660979700740427,0.6451306960161994,0.9981785416603088,action,0
demo.mp4,117,0.6131427091710707,0.011423664167523384,0.7737440221449908,0.3710150122642517,action,1
demo.mp4,117,0.26539176492130057,0.013078613206744194,0.38376312255859374,0.4024243652820587,action,2
demo.mp4,117,0.3832834580365349,0.0229925736784935,0.5190178815056296,0.3433181047439575,action,3
demo.mp4,118,0.005469077474930707,0.0,0.6356167961569393,0.9984312653541565,action,0
demo.mp4,118,0.38621673583984373,0.0332687571644783,0.5183976566090304,0.35361558198928833,action,1
demo.mp4,118,0.609138578527114,0.0032078551594167948,0.7752175723805147,0.39214035868644714,action,2
demo.mp4,118,0.1839037165922277,0.017180060967803,0.9926502003389246,0.9850004315376282,action,3
demo.mp4,119,0.3842349332921645,0.04166099429130554,0.5155639199649587,0.3631361126899719,action,0
demo.mp4,119,0.010422542515922995,0.0,0.6746757956112133,0.9980393052101135,action,1
demo.mp4,119,0.6110909854664522,0.010237140581011772,0.7739702112534467,0.37762001156806946,action,2
demo.mp4,119,0.26112630507525275,0.012288437224924564,0.38029260074391086,0.42360103130340576,action,3
demo.mp4,120,0.0065408671603483315,0.0,0.6289693047018612,0.9986275434494019,action,0
demo.mp4,120,0.6072013406192556,0.003516712225973606,0.7724692849551931,0.38240134716033936,action,1
demo.mp4,120,0.38097121294806985,0.04818739742040634,0.5101090823902803,0.3674830496311188,action,2
demo.mp4,121,0.012636632077834185,0.0010536194313317537,0.6438380970674402,0.9966326355934143,action,0
demo.mp4,121,0.6080453760483686,0.008530158549547195,0.7677047729492188,0.388450026512146,action,1
demo.mp4,121,0.3794885971966912,0.05935553461313248,0.5070317885454964,0.3742893636226654,action,2
demo.mp4,122,0.01149533706552842,0.002062682993710041,0.6405908023609834,0.9968656897544861,action,0
demo.mp4,122,0.6050753425149357,0.005994358099997044,0.7654843498678768,0.3917272090911865,action,1
demo.mp4,122,0.3806694479549632,0.0634162649512291,0.5118915782255284,0.37134864926338196,action,2
demo.mp4,122,0.2622999527875115,0.006247920915484428,0.3795423619887408,0.43391090631484985,action,3
demo.mp4,123,0.0029583391021279727,0.001797637902200222,0.6382824168485753,0.9938246011734009,action,0
demo.mp4,123,0.608974905575023,0.010502624325454235,0.7694868199965533,0.3924329876899719,action,1
demo.mp4,123,0.3846056769875919,0.061446741223335266,0.5162213493795956,0.36913543939590454,action,2
demo.mp4,124,0.002841752066331751,0.0005932998610660434,0.6372521793141085,0.9937738180160522,action,0
demo.mp4,124,0.6085442038143383,0.01024362538009882,0.7695847455193014,0.3902304768562317,action,1
demo.mp4,124,0.384679053811466,0.06126294285058975,0.5167733136345358,0.37002408504486084,action,2
demo.mp4,124,0.2675511304069968,0.010211524553596973,0.3820930929744945,0.43011474609375,action,3
demo.mp4,125,0.3870196174172794,0.0669727623462677,0.5176917132209329,0.36857593059539795,action,0
demo.mp4,125,0.0040057262953589945,0.0013587570283561945,0.6443399317124311,0.9924995303153992,action,1
demo.mp4,125,0.6117414586684283,0.010357665829360485,0.7746295704561121,0.3941537141799927,action,2
demo.mp4,125,0.2705267962287454,0.007205982226878405,0.38320590748506433,0.4345233142375946,action,3
demo.mp4,126,0.38899957993451284,0.06704859435558319,0.517921178481158,0.3701779246330261,action,0
demo.mp4,126,0.6115706499885111,0.00571924215182662,0.781111863080193,0.405597448348999,action,1
demo.mp4,126,0.003344502519158756,0.0010342407040297985,0.6395746118882123,0.9930589199066162,action,2
demo.mp4,126,0.2748540541704963,0.010682830587029457,0.382688185747932,0.4314700663089752,action,3
demo.mp4,127,0.39188721600700827,0.0650731548666954,0.5208667530732997,0.3707861006259918,action,0
demo.mp4,127,0.008391932178946102,6.0386657423805445e-05,0.6465491350959329,0.9940582513809204,action,1
demo.mp4,127,0.6123002893784467,0.0008073616190813482,0.7827779433306525,0.41144928336143494,action,2
demo.mp4,127,0.2806269253001494,0.009457835927605629,0.38806237613453587,0.42605629563331604,action,3
demo.mp4,128,0.6162474688361673,0.0030582810286432505,0.7830305211684283,0.3924799859523773,action,0
demo.mp4,128,0.3971511392032399,0.06013362854719162,0.524485823687385,0.36663302779197693,action,1
demo.mp4,128,0.006627998632543227,0.0,0.6483037163229549,0.9916428923606873,action,2
demo.mp4,128,0.2888260560877183,0.008478546515107155,0.3889678506290211,0.411082923412323,action,3
demo.mp4,129,0.004160266413408167,0.0,0.608683193431181,0.9992016553878784,action,0
demo.mp4,129,0.39109061746036305,0.055199481546878815,0.5229280808392693,0.3574323356151581,action,1
demo.mp4,129,0.6168907165527344,0.006000709719955921,0.7830657061408548,0.40278756618499756,action,2
demo.mp4,130,0.01085492723128375,0.0,0.6696633731617647,0.9985626339912415,action,0
demo.mp4,130,0.6098171907312729,0.004357604775577784,0.776129778693704,0.37957659363746643,action,1
demo.mp4,130,0.38689920762005975,0.045815810561180115,0.5188162410960478,0.34150686860084534,action,2
demo.mp4,130,0.2942751716164982,0.007892551831901073,0.37886244829963234,0.38871604204177856,action,3
demo.mp4,131,0.00905855333103853,0.0,0.6650313882266774,0.9985883831977844,action,0
demo.mp4,131,0.60985668406767,0.004306888673454523,0.7761165843290441,0.3796033561229706,action,1
demo.mp4,131,0.38738021850585935,0.045948609709739685,0.519134386848001,0.3416772186756134,action,2
demo.mp4,131,0.2943842270795037,0.007911319844424725,0.3788033429314108,0.38867858052253723,action,3
demo.mp4,132,0.010346665101892808,0.0,0.666477382884306,0.9978858828544617,action,0
demo.mp4,132,0.6103197434369255,0.004603748209774494,0.7745540843290442,0.37878119945526123,action,1
demo.mp4,132,0.38910087136661303,0.042233411222696304,0.5176872702205882,0.3388112783432007,action,2
demo.mp4,132,0.29190115087172563,0.01808757707476616,0.3782614764045267,0.38937705755233765,action,3
demo.mp4,133,0.01263743568869198,0.0,0.6918124928193934,0.9984341263771057,action,0
demo.mp4,133,0.6102913351619945,0.0036438179668039083,0.7835710413315717,0.3745628297328949,action,1
demo.mp4,133,0.3891869937672335,0.03639476001262665,0.5218355964211857,0.33133453130722046,action,2
demo.mp4,133,0.6811743792365579,0.017485713586211205,0.8691404454848346,0.375713050365448,action,3
demo.mp4,134,0.009398265445933623,0.0,0.6578262777889476,0.994637131690979,action,0
demo.mp4,134,0.38846834968118105,0.030111275613307953,0.5203411775476793,0.3301519453525543,action,1
demo.mp4,134,0.6102311527027803,0.008929290808737278,0.7632882510914522,0.3696850538253784,action,2
demo.mp4,134,0.7080160701976103,0.01348939910531044,0.9001258401309743,0.3692415654659271,action,3
demo.mp4,135,0.009631181464475743,0.0,0.6533532535328584,0.9979069232940674,action,0
demo.mp4,135,0.3903795578900506,0.029036246240139008,0.5220022762522978,0.32763534784317017,action,1
demo.mp4,135,0.6103034524356618,0.009412250481545925,0.765822556439568,0.36805176734924316,action,2
demo.mp4,135,0.7220481872558594,0.0019365692278370261,0.9090691061580882,0.40418899059295654,action,3
demo.mp4,136,0.008436344651614918,0.0,0.6515463885139017,0.9981308579444885,action,0
demo.mp4,136,0.3900672015021829,0.027216168120503426,0.5232952791101793,0.3273935616016388,action,1
demo.mp4,136,0.6106486600988051,0.01120054256170988,0.7659649119657629,0.35745108127593994,action,2
demo.mp4,136,0.7221427468692555,0.0017436790512874722,0.9218655754538143,0.4268096089363098,action,3
demo.mp4,137,0.00972531753427842,0.0,0.6542355705710018,0.9981973767280579,action,0
demo.mp4,137,0.39006136725930607,0.02728222869336605,0.5233308231129365,0.32743537425994873,action,1
demo.mp4,137,0.6106709199793199,0.011242618784308434,0.7660794426413143,0.3574450612068176,action,2
demo.mp4,137,0.7224040760713465,0.0016748809721320868,0.921317964441636,0.42936256527900696,action,3
demo.mp4,138,0.008159504918491139,0.0,0.6561265384449678,0.9962152242660522,action,0
demo.mp4,138,0.39420264748965994,0.023517532274127007,0.5251054202809053,0.3278379738330841,action,1
demo.mp4,138,0.6154517229865579,0.002809600904583931,0.7683354097254136,0.35873088240623474,action,2
demo.mp4,138,0.7263710021972656,0.0020183944143354893,0.9329796286190257,0.4444988965988159,action,3
demo.mp4,139,0.004204707987168256,0.0,0.6186647302964154,0.984220564365387,action,0
demo.mp4,139,0.4040353214039522,0.024412231519818306,0.5282411911908318,0.31003716588020325,action,1
demo.mp4,139,0.6189441456514246,0.0,0.7761074290556066,0.35694044828414917,action,2
demo.mp4,139,0.726809871897978,0.002058811252936721,0.944462495691636,0.39100661873817444,action,3
demo.mp4,140,0.005426272223977482,0.0,0.6513563268324908,0.9812358617782593,action,0
demo.mp4,140,0.7218301212086397,0.0016109657008200884,0.9482252233168658,0.4005027115345001,action,1
demo.mp4,140,0.40276031494140624,0.023846883326768875,0.5292060852050782,0.28817975521087646,action,2
demo.mp4,140,0.6221775279325598,0.002660732250660658,0.7803584379308364,0.34407883882522583,action,3
demo.mp4,141,0.39610739315257354,0.01583835668861866,0.53177490234375,0.28153327107429504,action,0
demo.mp4,141,0.013725789855508243,0.004188232589513063,0.7014330246869256,0.9841510057449341,action,1
demo.mp4,141,0.7287913602941176,0.0005858612130396068,0.9576404347139247,0.3867110311985016,action,2
demo.mp4,141,0.6131366056554458,0.007565832231193781,0.7753558888154871,0.3183073103427887,action,3
demo.mp4,142,0.008977709097020767,0.0002611923264339566,0.6009998097139246,0.985882580280304,action,0
demo.mp4,142,0.7211537080652574,0.004069309215992689,0.9340475643382353,0.38977372646331787,action,1
demo.mp4,143,0.0064235624145059025,0.0,0.595638858570772,0.9810733199119568,action,0
demo.mp4,143,0.7146025264964384,0.0,0.9327625947840074,0.39559781551361084,action,1
demo.mp4,143,0.5983354456284466,0.0034135151654481888,0.7632984834558824,0.29631438851356506,action,2
demo.mp4,143,0.29640428879681757,0.009580717422068119,0.37142349691951976,0.3063092827796936,action,3
demo.mp4,144,0.0061839580535888675,0.0,0.6078797284294577,0.9789643287658691,action,0
demo.mp4,144,0.7140778036678539,0.0,0.9329326854032629,0.39122334122657776,action,1
demo.mp4,144,0.5986574060776655,0.00340863224118948,0.7635091445025276,0.2960931062698364,action,2
demo.mp4,145,0.005228955956066356,0.0024736023042351007,0.6195146448471966,0.9691299200057983,action,0
demo.mp4,145,0.6038575116325827,0.0010024261428043246,0.7532189761891085,0.29639673233032227,action,1
demo.mp4,145,0.7119843875660615,0.0,0.9207051894244026,0.38985690474510193,action,2
demo.mp4,146,0.006434213413911707,0.0019171524327248335,0.6122956219841452,0.9673733711242676,action,0
demo.mp4,146,0.7184240004595588,8.243561023846269e-05,0.9196362663717831,0.37002190947532654,action,1
demo.mp4,146,0.5944264580221738,0.004176025278866291,0.752973399442785,0.28313782811164856,action,2
demo.mp4,147,0.007530377191655776,0.00010581970127532259,0.606801425709444,0.9739663600921631,action,0
demo.mp4,147,0.5919302996467142,0.0046140574850142,0.7534185072954963,0.2893434762954712,action,1
demo.mp4,147,0.7165490094353171,0.0,0.9193881764131434,0.41030997037887573,action,2
demo.mp4,148,0.007945106310002944,0.0025325012393295765,0.5972907122443704,0.9752316474914551,action,0
demo.mp4,148,0.7167927461511948,0.0,0.9244724946863511,0.39911773800849915,action,1
demo.mp4,148,0.5997178919175092,0.001084337243810296,0.7547616397633272,0.2944912314414978,action,2
demo.mp4,149,0.7185055003446691,0.0,0.927005184397978,0.41710221767425537,action,0
demo.mp4,149,0.007438164598801557,0.0009756469517014921,0.6077465281767004,0.9797630906105042,action,1
demo.mp4,149,0.59950049905216,0.00548306480050087,0.7573212567497702,0.28877052664756775,action,2
demo.mp4,150,0.003315391961266013,0.0,0.6185633491067325,0.9872186183929443,action,0
demo.mp4,150,0.7238804087919347,0.0005231857066974044,0.9257352941176471,0.4252278804779053,action,1
demo.mp4,150,0.5892360911649817,0.007856235839426517,0.7604342292336856,0.2525339424610138,action,2
demo.mp4,151,0.0030691841069389793,0.0,0.6178609062643612,0.9879223704338074,action,0
demo.mp4,151,0.7229217080508962,0.0002486419689375907,0.9273416855755974,0.4224598705768585,action,1
demo.mp4,151,0.5891286064596737,0.008051080629229546,0.760283795525046,0.25701969861984253,action,2
demo.mp4,152,0.008244052354027243,0.0009831237839534879,0.5969868828268612,0.9752044081687927,action,0
demo.mp4,152,0.7232550677131204,0.0,0.9355800853056067,0.4150136709213257,action,1
demo.mp4,152,0.6088723126579734,0.006532926578074694,0.7598978379193474,0.2980526089668274,action,2
demo.mp4,153,0.0068562921355752385,0.0,0.6032176298253676,0.9800927639007568,action,0
demo.mp4,153,0.7278963425580193,9.725570998853073e-05,0.9400436401367187,0.4281284213066101,action,1
demo.mp4,153,0.6102109572466682,0.0059670256450772285,0.7625634586109834,0.30258268117904663,action,2
demo.mp4,154,0.0018880993127822876,0.0,0.6255096435546875,0.9934185743331909,action,0
demo.mp4,154,0.722390432918773,0.0007677459507249296,0.9357462265912224,0.4197292625904083,action,1
demo.mp4,154,0.6130910088034237,0.009059934876859188,0.7636813893037684,0.3113812208175659,action,2
demo.mp4,155,0.0,0.0,0.6060877182904412,0.9982272386550903,action,0
demo.mp4,155,0.7214859457576976,0.005492878146469593,0.9240756764131434,0.46607184410095215,action,1
demo.mp4,155,0.37756450877470127,0.0,0.5188970229204963,0.284732460975647,action,2
demo.mp4,155,0.607764793844784,0.008454961702227592,0.7647845099954044,0.32067766785621643,action,3
demo.mp4,156,0.004487347252228681,3.16238401865121e-05,0.6279424330767464,0.9975574016571045,action,0
demo.mp4,156,0.7042007895076976,0.0024921416770666838,0.9309254365808823,0.48314228653907776,action,1
demo.mp4,156,0.37678891350241267,0.010037927888333797,0.49763461842256435,0.28770697116851807,action,2
demo.mp4,157,0.004147749438005335,0.0,0.6256072998046875,0.9988422989845276,action,0
demo.mp4,157,0.26554383670582493,0.007531909737735987,0.37045362135943244,0.3624916970729828,action,1
demo.mp4,157,0.6532481025247013,0.0017114639049395919,0.916330135569853,0.5050888657569885,action,2
demo.mp4,158,0.003668339112225701,0.0,0.6250951879164752,0.9987642765045166,action,0
demo.mp4,158,0.2658887975356158,0.008577289991080761,0.3699378518497243,0.3619599938392639,action,1
demo.mp4,158,0.6532034032485065,0.0013562011299654841,0.916375732421875,0.5048763751983643,action,2
demo.mp4,159,0.012820684208589441,0.0,0.5532402487362132,0.9959895610809326,action,0
demo.mp4,159,0.6852112265194163,0.00441118236631155,0.9010512408088235,0.5068244338035583,action,1
demo.mp4,159,0.57567699656767,0.0034931183326989412,0.7311152289895451,0.2362702339887619,action,2
demo.mp4,159,0.3484894247616039,0.034514978528022766,0.4866700116325827,0.3378320336341858,action,3
demo.mp4,160,0.013107601334066951,0.0,0.5378263136919808,0.9840801954269409,action,0
demo.mp4,160,0.2487596399643842,0.0020274734124541283,0.35420186659869024,0.38406533002853394,action,1
demo.mp4,160,0.34760147543514475,0.05611018091440201,0.47115868961109836,0.3432183861732483,action,2
demo.mp4,160,0.679541509291705,0.0036243819631636143,0.8905531939338235,0.4962080419063568,action,3
demo.mp4,160,0.5670317705939798,0.00450197234749794,0.7214657503015854,0.38494032621383667,action,4
demo.mp4,161,0.004099489660824046,0.01167980208992958,0.5921333312988282,0.9768513441085815,action,0
demo.mp4,161,0.6732278262867647,0.0032655715476721525,0.8979311774758731,0.5120960474014282,action,1
demo.mp4,161,0.2399953281178194,0.0018868064507842064,0.347913719626034,0.4048748016357422,action,2
demo.mp4,161,0.34378033806295955,0.053852662444114685,0.46858776316923256,0.3430841565132141,action,3
demo.mp4,161,0.5640391630284927,0.008188877254724503,0.7141799029181986,0.39584410190582275,action,4
demo.mp4,162,0.2263521306654986,0.005180129781365395,0.34080162048339846,0.4143238961696625,action,0
demo.mp4,162,0.008139494587393367,0.030911674723029137,0.5743280747357536,0.9909784197807312,action,1
demo.mp4,162,0.5531425027286305,0.0058946991339325905,0.6983810424804687,0.33488038182258606,action,2
demo.mp4,162,0.334606305290671,0.06819663941860199,0.45950084013097425,0.34842222929000854,action,3
demo.mp4,163,0.21406943377326518,0.005769653245806694,0.3357771031996783,0.4243631064891815,action,0
demo.mp4,163,0.001961364465601304,0.0027167892549186945,0.5189318039838006,0.9978152513504028,action,1
demo.mp4,163,0.5462532043457031,0.0031763457227498293,0.6821868447696462,0.40840911865234375,action,2
demo.mp4,163,0.6484585930319393,0.016930637881159782,0.8564243989832261,0.46082237362861633,action,3
demo.mp4,164,0.21401136061724493,0.005882701836526394,0.33579222735236675,0.42427146434783936,action,0
demo.mp4,164,0.0019944944802452536,0.002461280906572938,0.518993018655216,0.9980459809303284,action,1
demo.mp4,164,0.5463908027200138,0.003306102706119418,0.6820356032427619,0.40832337737083435,action,2
demo.mp4,164,0.6484459820915671,0.016911448910832405,0.8565858728745405,0.4608920216560364,action,3
demo.mp4,165,0.2064355738022748,0.006061611231416464,0.33273241379681756,0.4238746762275696,action,0
demo.mp4,165,0.5296276765711168,5.302429144649068e-06,0.6737673142377067,0.4347028434276581,action,1
demo.mp4,165,0.0023292979773353126,0.004762840457260609,0.5461436103372013,0.9940860271453857,action,2
demo.mp4,165,0.6369785084443934,0.020085221156477928,0.848524564855239,0.46219348907470703,action,3
demo.mp4,165,0.3465700486127068,0.08708501607179642,0.4363643421846278,0.17680010199546814,action,4
demo.mp4,166,0.20083063910989202,0.00957021676003933,0.33227476232192094,0.42600440979003906,action,0
demo.mp4,166,0.5224292530732997,0.0013253402430564165,0.665945120418773,0.3995993733406067,action,1
demo.mp4,166,0.011560362928053913,0.011222572065889835,0.5089367586023668,0.9927038550376892,action,2
demo.mp4,166,0.6260077981387868,0.017988376319408417,0.8362701416015625,0.43797600269317627,action,3
demo.mp4,166,0.33614147410673256,0.0895155742764473,0.43079820520737594,0.18915362656116486,action,4
demo.mp4,167,0.18996927597943475,0.003230400150641799,0.3297608319450827,0.4379312992095947,action,0
demo.mp4,167,0.0013911767040981967,0.006668205372989178,0.5139799230238971,0.994233250617981,action,1
demo.mp4,167,0.5158800012925092,0.0021513558458536863,0.6624757654526654,0.4338690936565399,action,2
demo.mp4,167,0.6196924546185661,0.03145982697606087,0.8248034308938419,0.44032424688339233,action,3
demo.mp4,167,0.3234279183780446,0.09458212554454803,0.4204112333409927,0.27854228019714355,action,4
demo.mp4,168,0.5152306051815257,0.00747541431337595,0.6656696992761949,0.44580307602882385,action,0
demo.mp4,168,0.19127008774701287,0.01328277587890625,0.32271730759564565,0.4547680616378784,action,1
demo.mp4,168,0.3206073087804458,0.10719949007034302,0.4201081219841452,0.2647341787815094,action,2
demo.mp4,168,0.6181266784667969,0.03365335613489151,0.8302120433134191,0.454069584608078,action,3
demo.mp4,168,0.011199520615970387,0.01792236417531967,0.5337959289550781,0.9845441579818726,action,4
demo.mp4,168,0.0016816032283446369,0.02007770538330078,0.23578731312471277,0.9925264120101929,action,5
demo.mp4,169,0.508772367589614,0.008529167622327805,0.6590860254624311,0.4368572533130646,action,0
demo.mp4,169,0.1866726370418773,0.014616279862821102,0.32756060431985295,0.43546053767204285,action,1
demo.mp4,169,0.616160359102137,0.020484047010540962,0.834982120289522,0.47401919960975647,action,2
demo.mp4,169,0.009965123148525462,0.022207336500287056,0.522199114631204,0.9894871711730957,action,3
demo.mp4,169,0.318674446554745,0.10595089197158813,0.4167584587545956,0.24770790338516235,action,4
demo.mp4,169,0.0012715681510813096,0.02255024015903473,0.2308983746696921,0.9925405979156494,action,5
demo.mp4,170,0.5041103587431066,0.007688083685934544,0.6591089136460249,0.42365968227386475,action,0
demo.mp4,170,0.18487699172076058,0.010029030032455921,0.3292172600241268,0.43261587619781494,action,1
demo.mp4,170,0.004258709444719203,0.006048317067325115,0.4862585179946002,0.9790439009666443,action,2
demo.mp4,170,0.6100149266860064,0.02172340452671051,0.8273932961856618,0.47562137246131897,action,3
demo.mp4,170,0.3145879184498506,0.09889191389083862,0.41719207763671873,0.26783737540245056,action,4
demo.mp4,171,0.5041923074161305,0.008051433600485325,0.6589071834788603,0.42103028297424316,action,0
demo.mp4,171,0.18403383142807905,0.008934956043958664,0.3292886621811811,0.43307387828826904,action,1
demo.mp4,171,0.0044289532829733455,0.007241210900247097,0.49016571044921875,0.9780831336975098,action,2
demo.mp4,171,0.6100557663861443,0.022809047251939774,0.8261900957892923,0.4840390682220459,action,3
demo.mp4,171,0.3162759219898897,0.10091868042945862,0.41402843699735753,0.2613367736339569,action,4
demo.mp4,172,0.5006844464470358,0.004785079974681139,0.6565391540527343,0.42080366611480713,action,0
demo.mp4,172,0.18636507146498738,0.006193637847900391,0.32239929648006665,0.421133428812027,action,1
demo.mp4,172,0.6076114878934973,0.026458416134119034,0.8139184390797335,0.5010592937469482,action,2
demo.mp4,172,0.0033933366046232337,0.009801940992474556,0.4956388136919807,0.9819726347923279,action,3
demo.mp4,172,0.32132707483628214,0.09964214265346527,0.4118462506462546,0.19196666777133942,action,4
demo.mp4,172,0.4517458298627068,0.07868603616952896,0.516661969353171,0.34105435013771057,action,5
demo.mp4,173,0.5069481344784007,0.0012977409642189741,0.6560268626493566,0.42868149280548096,action,0
demo.mp4,173,0.18641624450683594,0.004484100267291069,0.32452610240263097,0.41566941142082214,action,1
demo.mp4,173,0.005061252678141875,0.007238807622343302,0.4801837247960708,0.9793501496315002,action,2
demo.mp4,173,0.6079243379480699,0.030687827616930008,0.7995237462660846,0.48012465238571167,action,3
demo.mp4,173,0.3173338721780216,0.08775434643030167,0.4105110617244945,0.2023734450340271,action,4
demo.mp4,174,0.505814406451057,0.0002253723214380443,0.6609037960276885,0.41891396045684814,action,0
demo.mp4,174,0.1909528844496783,0.0020163727458566427,0.3261014826157514,0.4007473886013031,action,1
demo.mp4,174,0.0012770012897603653,0.003001899691298604,0.4974459479836857,0.9907100200653076,action,2
demo.mp4,174,0.6058170094209558,0.01572759635746479,0.8071829403147978,0.5146037936210632,action,3
demo.mp4,174,0.32295202367446,0.07142866402864456,0.40980718276079964,0.17540347576141357,action,4
demo.mp4,175,0.5045586529900046,0.00017198562272824347,0.6563276403090533,0.3780564069747925,action,0
demo.mp4,175,0.18108042548684514,0.0037952233105897903,0.32645378112792967,0.38464081287384033,action,1
demo.mp4,175,0.6105263653923484,0.020074520260095596,0.822627976361443,0.5144597887992859,action,2
demo.mp4,175,0.0038451001924626966,0.01381961815059185,0.5117995318244485,0.9744471907615662,action,3
demo.mp4,175,0.3255491817698759,0.05709737911820412,0.41226115507238054,0.1527784913778305,action,4
demo.mp4,176,0.5030486611758962,0.0004916572361253202,0.6534610075109145,0.3987993001937866,action,0
demo.mp4,176,0.6091831880457261,0.016276512295007706,0.8189129100126379,0.514897346496582,action,1
demo.mp4,176,0.18471221923828124,0.0020860861986875534,0.32334736094755284,0.386333703994751,action,2
demo.mp4,176,0.005258985477335313,0.0037511063273996115,0.5140545115751378,0.9738731384277344,action,3
demo.mp4,176,0.4525691312902114,0.040411368012428284,0.5185245289522059,0.293625146150589,action,4
demo.mp4,176,0.750365088967716,0.001494827214628458,0.9955684886259191,0.5533086657524109,action,5
demo.mp4,177,0.5026746413286994,0.004798335954546928,0.6573383106904871,0.3948763906955719,action,0
demo.mp4,177,0.6117749382467831,0.008983478881418705,0.8237262501436121,0.48941725492477417,action,1
demo.mp4,177,0.006256706574383904,0.007768058683723211,0.49958069745232075,0.9850410223007202,action,2
demo.mp4,177,0.20015115176930148,0.04966746270656586,0.3111044042250689,0.36150288581848145,action,3
demo.mp4,178,0.5033289741067325,0.004347038455307484,0.6571211422190947,0.39432162046432495,action,0
demo.mp4,178,0.6115653094123391,0.008610782213509083,0.8237392649931066,0.4894905984401703,action,1
demo.mp4,178,0.006130904309889849,0.007756881881505251,0.5016837176154642,0.985004186630249,action,2
demo.mp4,178,0.1982024024514591,0.036288946866989136,0.3113990110509536,0.3625863790512085,action,3
demo.mp4,179,0.6078188727883732,0.0058298492804169655,0.8675151151769301,0.48496487736701965,action,0
demo.mp4,179,0.503665968951057,0.005878467578440905,0.6594768299775965,0.3464571237564087,action,1
demo.mp4,179,0.1896188174977022,0.004650707356631756,0.3208417331471163,0.3346242606639862,action,2
demo.mp4,179,0.010535770304062787,0.00518722552806139,0.5372268676757812,0.9897327423095703,action,3
demo.mp4,180,0.20969830681295956,0.002942752791568637,0.3348578733556411,0.33588966727256775,action,0
demo.mp4,180,0.6465030894559972,0.004982795566320419,0.8809624167049632,0.4833287000656128,action,1
demo.mp4,180,0.007831849771387437,0.03695930540561676,0.5570255503934972,0.9815935492515564,action,2
demo.mp4,181,0.6544425066779641,0.005512733478099108,0.901688429888557,0.47018980979919434,action,0
demo.mp4,181,0.5368303635541131,0.004909820389002562,0.6990613600786995,0.3324158489704132,action,1
demo.mp4,181,0.011283178189221551,0.012303505092859268,0.5915979273178998,0.9750319123268127,action,2
demo.mp4,181,0.2271871005787569,0.0034966659732162952,0.3497897204230813,0.30570483207702637,action,3
demo.mp4,182,0.6710452809053309,0.005383205600082874,0.9040123434627757,0.4811919331550598,action,0
demo.mp4,182,0.01554263479569379,0.00023124694416765124,0.5939494862275965,0.976696789264679,action,1
demo.mp4,182,0.5543792275821462,0.006919011939316988,0.7098092920639936,0.3230471909046173,action,2
demo.mp4,183,0.6778095020967372,0.00566505454480648,0.9154505112591912,0.49612700939178467,action,0
demo.mp4,183,0.006250677389257094,0.003479614155367017,0.6582940943100873,0.9725616574287415,action,1
demo.mp4,184,0.020414279488956227,0.010518836788833141,0.7178532319910386,0.9668423533439636,action,0
demo.mp4,184,0.6828232709099264,0.0065420339815318584,0.9490281946518841,0.4768489897251129,action,1
demo.mp4,185,0.020147343242869657,0.010889473371207714,0.7178786782657399,0.966081976890564,action,0
demo.mp4,185,0.6829105601591222,0.006501388736069202,0.9487484202665442,0.4776119887828827,action,1
demo.mp4,186,0.008668283855213838,0.004420165903866291,0.7128876629997702,0.9938133358955383,action,0
demo.mp4,186,0.24130668640136718,0.030894707888364792,0.3650659897748162,0.32464009523391724,action,1
demo.mp4,187,0.06149808659273035,0.008500060997903347,0.8285757625804228,0.9927510023117065,action,0
demo.mp4,187,0.014873285854563994,0.00490711210295558,0.4722076864803539,0.9788598418235779,action,1
demo.mp4,188,0.014488012650433708,0.036638565361499786,0.6102875653435202,0.9724603295326233,action,0
demo.mp4,188,0.0,0.0016764068277552724,0.2501029519473805,0.9739753007888794,action,1
demo.mp4,189,0.050078543494729434,0.16730087995529175,0.9890440996955423,0.9946954250335693,action,0
demo.mp4,189,0.0014764135374742396,0.0074787139892578125,0.5836787953096277,0.975205659866333,action,1
demo.mp4,190,0.01802503641913919,0.042944908142089844,0.8298153147977941,0.984877347946167,action,0
demo.mp4,190,0.38750879624310663,0.09709256887435913,0.4940019046559053,0.2579047679901123,action,1
demo.mp4,191,0.01797307379105512,0.03985317051410675,0.8357114006491269,0.9851838946342468,action,0
demo.mp4,191,0.38595733642578123,0.0975375548005104,0.49331041223862593,0.25819486379623413,action,1
demo.mp4,192,0.3640191919663373,0.06688269972801208,0.4894616070915671,0.2779548764228821,action,0
demo.mp4,193,0.03285950772902545,0.056307602673769,0.8729490392348346,0.994721531867981,action,0
demo.mp4,194,0.010331362836501178,0.003507766639813781,0.678842477237477,0.9933179616928101,action,0
demo.mp4,195,0.004004003721124986,0.003249473636969924,0.6509295744054457,0.9915348887443542,action,0
demo.mp4,196,0.025113355412202724,0.0023000335786491632,0.8080791697782629,0.9935113787651062,action,0
demo.mp4,196,0.6771836224724265,0.00633441936224699,0.9981302597943474,0.38954031467437744,action,1
demo.mp4,197,0.013148826711318073,0.018756942823529243,0.6908267750459559,0.9731698036193848,action,0
demo.mp4,198,0.011981637337628533,0.018690185621380806,0.6938165552475873,0.9728282690048218,action,0
demo.mp4,199,0.01771055950837977,0.009531631134450436,0.6770611931295956,0.9871910810470581,action,0
demo.mp4,200,0.005961291930254768,0.00018486022599972785,0.6521567400764017,0.9659219980239868,action,0
demo.mp4,201,0.016806946081273696,0.005752143915742636,0.9601985258214614,0.9844421148300171,action,0
demo.mp4,202,0.01878381336436552,0.01962371915578842,0.9689547370461856,0.9955935478210449,action,0
demo.mp4,203,0.021703769178951487,0.006026115268468857,0.9885990816004137,0.9917698502540588,action,0
demo.mp4,204,0.07777073243085075,0.05319732800126076,0.9814677518956801,0.984150767326355,action,0
demo.mp4,205,0.015157187686246984,0.04567810148000717,0.9584583955652574,0.9877627491950989,action,0
demo.mp4,209,0.06896743213429171,0.04479934647679329,0.9784589879653033,0.9928328990936279,action,0
demo.mp4,211,0.09294141320621266,0.027899017557501793,0.9764904246610754,0.9908187985420227,action,0
demo.mp4,212,0.06260883667889763,0.019369011744856834,0.9718944773954503,0.9968225359916687,action,0
demo.mp4,213,0.03522449100718779,0.03594207763671875,0.9873937270220589,0.9900645613670349,action,0
demo.mp4,214,0.07359062643612133,0.058970872312784195,0.9868979061351103,0.9887213110923767,action,0
demo.mp4,215,0.025480800516465132,0.06378726661205292,0.988005963493796,0.984092116355896,action,0
demo.mp4,216,0.07780673083137063,0.1096654161810875,0.9976978077607996,0.9908233880996704,action,0
demo.mp4,217,0.07011234059053309,0.04424724727869034,0.9723601397346048,0.990671694278717,action,0
demo.mp4,218,0.10712855843936696,0.1060631200671196,0.9881510117474724,0.9958842396736145,action,0
demo.mp4,219,0.11725410012637867,0.10181514918804169,0.9900043263154872,0.9935682415962219,action,0
demo.mp4,220,0.34852573170381435,0.022473258897662163,0.9898216696346507,0.9741993546485901,action,0
demo.mp4,221,0.06784910314223346,0.03418319672346115,0.9750432631548713,0.9919950366020203,action,0
demo.mp4,222,0.2551944283878102,0.02931247651576996,0.9843449312097886,0.9896398782730103,action,0
demo.mp4,223,0.13495495740105123,0.006478080525994301,1.0,0.9935939311981201,action,0
demo.mp4,224,0.15716383316937615,0.0048547363840043545,0.9950449326459099,0.9888251423835754,action,0
demo.mp4,225,0.05572773989509134,0.005632057320326567,0.9985376694623161,0.9883583188056946,action,0
demo.mp4,226,0.05870554306927849,0.005305557046085596,0.9955935309914982,0.988314688205719,action,0
demo.mp4,226,0.3295050452737247,0.0007517814519815147,0.5131954417509191,0.2731453776359558,action,1
demo.mp4,227,0.20160042257869945,0.000985107384622097,0.992634672277114,0.9855713844299316,action,0
demo.mp4,227,0.31801414489746094,0.00017288207891397178,0.5042627222397749,0.3034921884536743,action,1
demo.mp4,227,0.20148205476648667,0.0005872440524399281,0.33832563512465536,0.2760666012763977,action,2
demo.mp4,228,0.1647517148186179,0.005448875483125448,0.9931536506204044,0.9855656623840332,action,0
demo.mp4,228,0.3056523266960593,0.00016528129344806075,0.47922551772173716,0.30923357605934143,action,1
demo.mp4,228,0.1769648047054515,0.007669887505471706,0.32797452141256894,0.2822427451610565,action,2
demo.mp4,229,0.5038020863252528,0.00041988372686319053,0.9922923368566177,0.9906593561172485,action,0
demo.mp4,229,0.302683235617245,0.009311666712164879,0.4545975180233226,0.28552356362342834,action,1
demo.mp4,229,0.16402488035314222,0.003893098793923855,0.31465449613683366,0.28330615162849426,action,2
demo.mp4,229,0.006350842644186581,0.0024740886874496937,0.20296366074505975,0.3151967525482178,action,3
demo.mp4,230,0.5623771218692555,0.08692600578069687,0.9894981833065257,0.9951075911521912,action,0
demo.mp4,231,0.5666304195628447,0.07031269371509552,0.9912840899299172,0.9955123662948608,action,0
demo.mp4,232,0.5651285956887638,0.06791568547487259,0.987416166417739,0.9952328205108643,action,0
demo.mp4,233,0.5730164023006663,0.08284172415733337,0.9880281336167279,0.9927019476890564,action,0
demo.mp4,234,0.5730164023006663,0.08284172415733337,0.9880281336167279,0.9927019476890564,action,0
demo.mp4,235,0.5730179281795726,0.0828426331281662,0.9880257101619945,0.9927012920379639,action,0
demo.mp4,236,0.5693989473230698,0.08220306038856506,0.9853023753446691,0.9935839772224426,action,0
demo.mp4,237,0.5667960671817556,0.057987287640571594,0.9858455882352941,0.995286762714386,action,0
demo.mp4,238,0.569601260914522,0.06861328333616257,0.9860440422506893,0.9941076040267944,action,0
demo.mp4,239,0.5625325820025275,0.06098884716629982,0.9870275160845589,0.9950081706047058,action,0
demo.mp4,240,0.5699686387005974,0.052632369101047516,0.987687593347886,0.995618999004364,action,0
demo.mp4,241,0.568363862879136,0.046642761677503586,0.9878608254825367,0.9960992932319641,action,0
demo.mp4,242,0.5605049582088695,0.03921680524945259,0.9866111306583181,0.9968054294586182,action,0
demo.mp4,243,0.5656408870921416,0.043323975056409836,0.9865720861098346,0.9966289401054382,action,0
demo.mp4,244,0.5701210919548484,0.06008400022983551,0.9866433536305147,0.9946809411048889,action,0
demo.mp4,245,0.5690610997817096,0.05457675829529762,0.9867644366096048,0.995115339756012,action,0
demo.mp4,246,0.5694073845358456,0.05531616136431694,0.9869276158949908,0.9950920343399048,action,0
demo.mp4,247,0.56970874561983,0.06362602114677429,0.9850889318129595,0.9942550659179688,action,0
demo.mp4,248,0.5692297094008502,0.05983696132898331,0.9850844439338236,0.9943206906318665,action,0
demo.mp4,249,0.569230427461512,0.05983966961503029,0.9850821999942555,0.994320809841156,action,0
demo.mp4,250,0.5692297094008502,0.05983696132898331,0.9850844439338236,0.9943206906318665,action,0
demo.mp4,251,0.5688468933105468,0.05932247266173363,0.9851126278147978,0.9944053888320923,action,0
demo.mp4,252,0.5701991810518152,0.06718391180038452,0.9845870971679688,0.9937183260917664,action,0
demo.mp4,253,0.5699349347282858,0.07016906887292862,0.9845355763154872,0.993481457233429,action,0
demo.mp4,254,0.5701424991383272,0.08356060087680817,0.9844452801872702,0.9910507202148438,action,0
demo.mp4,255,0.569692050709444,0.06626026332378387,0.9848135555491728,0.9937507510185242,action,0
demo.mp4,256,0.5700683144962087,0.06260944157838821,0.9849095961626838,0.9941938519477844,action,0
demo.mp4,257,0.5689949484432445,0.06371055543422699,0.9845755184397978,0.9936341643333435,action,0
demo.mp4,258,0.5695708779727712,0.06016811355948448,0.9847255033605239,0.9942476153373718,action,0
demo.mp4,259,0.5689937367158777,0.07017101347446442,0.9845881742589614,0.9931562542915344,action,0
demo.mp4,260,0.5689937367158777,0.07017101347446442,0.9845881742589614,0.9931562542915344,action,0
demo.mp4,261,0.5689937367158777,0.07017101347446442,0.9845881742589614,0.9931562542915344,action,0
demo.mp4,262,0.5689937367158777,0.07017101347446442,0.9845881742589614,0.9931562542915344,action,0
demo.mp4,263,0.5689937367158777,0.07017097622156143,0.9845881742589614,0.9931561946868896,action,0
demo.mp4,264,0.5689937367158777,0.07017097622156143,0.9845881742589614,0.9931561946868896,action,0
demo.mp4,265,0.5689937367158777,0.07017097622156143,0.9845881742589614,0.9931561946868896,action,0
demo.mp4,266,0.5689937367158777,0.07017097622156143,0.9845881742589614,0.9931561946868896,action,0
demo.mp4,267,0.5689937367158777,0.07017097622156143,0.9845881742589614,0.9931561946868896,action,0
demo.mp4,268,0.3530564925249885,0.006859970279037952,0.9868984446806066,0.9965988993644714,action,0
demo.mp4,269,0.05292841967414407,0.03201679140329361,0.9800835104549632,0.9877728223800659,action,0
demo.mp4,270,0.4408144333783318,0.003189735347405076,0.9911867927102481,0.9936256408691406,action,0
demo.mp4,274,0.3085414213292739,0.0264559555798769,0.9898294785443474,0.991374671459198,action,0
demo.mp4,275,0.09370200213264017,0.02987564168870449,0.9755103616153493,0.9822373390197754,action,0
demo.mp4,276,0.3131984037511489,0.029981231316924095,0.9884913725011489,0.9930421710014343,action,0
demo.mp4,276,0.013006976071526023,0.005682754330337048,0.4989481308880974,0.9391948580741882,action,1
demo.mp4,277,0.018106828016393326,0.016924094408750534,1.0,0.9845704436302185,action,0
demo.mp4,278,0.021720248110154095,0.016355019062757492,1.0,0.9890112280845642,action,0
demo.mp4,278,0.006468836700215059,0.014993133954703808,0.5113069422104779,0.9802610278129578,action,1
demo.mp4,278,0.5749807021197151,0.0025630139280110598,0.7281660640940947,0.1288308948278427,action,2
demo.mp4,279,0.10992902867934283,0.03263629972934723,0.993254986931296,0.972331702709198,action,0
demo.mp4,279,0.008708160765030806,0.01354263350367546,0.48767749561983,0.9640054106712341,action,1
